[
    {
      "id": "953732",
      "title": "Cloud Computing",
      "url": "https://www.geeksforgeeks.org/cloud-computing/"
    },
    {
      "id": "2073941",
      "title": "DevOps",
      "url": "https://www.geeksforgeeks.org/introduction-to-devops/"
    },
    {
      "id": "2013747",
      "title": "Computer Networking",
      "url": "https://www.ibm.com/topics/networking"
    },
    {
      "id": "1221745",
      "title": "Software Documentation",
      "url": "https://document360.com/blog/software-architecture-documentation/"
    }
  ]
  